SCHOLARSHIP & COLLEGE FUNDING TRACKER,,,,,,,,,,
,,,,,,,,,,
STUDENT INFORMATION,,,,,,,,,,
Student Name:,[NAME],,Graduation Year:,[YEAR],,Sport:,Track & Field,,
GPA:,[X.XX],,SAT/ACT:,[SCORE],,Event(s):,[EVENTS],,
,,,,,,,,,,
TARGET SCHOOLS - ATHLETIC RECRUITING,,,,,,,,,,
School,Division,Conference,Head Coach,Email,Phone,Contact Date,Interest Level,Visit Scheduled,Notes
School 1,D1,,[NAME],[EMAIL],[PHONE],,None/Low/Med/High,No,
School 2,D1,,[NAME],[EMAIL],[PHONE],,None/Low/Med/High,No,
School 3,D1,,[NAME],[EMAIL],[PHONE],,None/Low/Med/High,No,
School 4,D2,,[NAME],[EMAIL],[PHONE],,None/Low/Med/High,No,
School 5,D2,,[NAME],[EMAIL],[PHONE],,None/Low/Med/High,No,
School 6,D3,,[NAME],[EMAIL],[PHONE],,None/Low/Med/High,No,
School 7,D3,,[NAME],[EMAIL],[PHONE],,None/Low/Med/High,No,
School 8,NAIA,,[NAME],[EMAIL],[PHONE],,None/Low/Med/High,No,
,,,,,,,,,,
ATHLETIC PROFILE STATUS,,,,,,,,,,
Platform,URL Created,Profile Complete,Video Uploaded,Stats Current,Last Updated,
NCSA,No,No,No,No,,
Hudl,No,No,No,No,,
BeRecruited,No,No,No,No,,
CaptainU,No,No,No,No,,
Direct to Coach Emails,N/A,No,N/A,N/A,,
,,,,,,,,,,
SCHOLARSHIPS - APPLIED,,,,,,,,,,
Scholarship Name,Type,Amount,Deadline,Status,App Submitted,Essay Required,Rec Letters,Decision Date,Result
[Scholarship 1],Merit/Athletic/Need,$X,DATE,Not Started,No,Yes/No,0,DATE,
[Scholarship 2],Merit/Athletic/Need,$X,DATE,Not Started,No,Yes/No,0,DATE,
[Scholarship 3],Merit/Athletic/Need,$X,DATE,Not Started,No,Yes/No,0,DATE,
[Scholarship 4],Merit/Athletic/Need,$X,DATE,Not Started,No,Yes/No,0,DATE,
[Scholarship 5],Merit/Athletic/Need,$X,DATE,Not Started,No,Yes/No,0,DATE,
[Scholarship 6],Merit/Athletic/Need,$X,DATE,Not Started,No,Yes/No,0,DATE,
[Scholarship 7],Merit/Athletic/Need,$X,DATE,Not Started,No,Yes/No,0,DATE,
[Scholarship 8],Merit/Athletic/Need,$X,DATE,Not Started,No,Yes/No,0,DATE,
[Scholarship 9],Merit/Athletic/Need,$X,DATE,Not Started,No,Yes/No,0,DATE,
[Scholarship 10],Merit/Athletic/Need,$X,DATE,Not Started,No,Yes/No,0,DATE,
,,,,,,,,,,
TOTAL APPLIED:,0,,,,,,,,
TOTAL AWARDED:,$0,,,,,,,,
,,,,,,,,,,
SCHOLARSHIPS - RESEARCH PIPELINE,,,,,,,,,,
Scholarship Name,Source/Website,Amount,Deadline,Requirements,Notes,Added to Applied,
[Found Scholarship 1],,[AMOUNT],[DATE],,,,
[Found Scholarship 2],,[AMOUNT],[DATE],,,,
[Found Scholarship 3],,[AMOUNT],[DATE],,,,
[Found Scholarship 4],,[AMOUNT],[DATE],,,,
[Found Scholarship 5],,[AMOUNT],[DATE],,,,
,,,,,,,,,,
SCHOLARSHIP SEARCH RESOURCES,,,,,,,,,,
Resource,URL,Account Created,Search Completed,Matches Found,,,,
Fastweb,fastweb.com,No,No,0,,,,
Scholarships.com,scholarships.com,No,No,0,,,,
Cappex,cappex.com,No,No,0,,,,
College Board,bigfuture.collegeboard.org,No,No,0,,,,
Niche,niche.com,No,No,0,,,,
Bold.org,bold.org,No,No,0,,,,
Going Merry,goingmerry.com,No,No,0,,,,
Local Community Foundation,,No,No,0,,,,
Employer Scholarships,,No,No,0,,,,
State-specific Scholarships,,No,No,0,,,,
,,,,,,,,,,
FINANCIAL AID TIMELINE,,,,,,,,,,
Task,Deadline,Status,Notes,,,,,
FAFSA Opens,October 1,Not Started,Need FSA ID for parent AND student,,,,,
FAFSA Submitted,ASAP after Oct 1,Not Started,Use prior-prior year taxes,,,,,
CSS Profile (if required),Varies by school,Not Started,Check each school's requirements,,,,,
State Aid Deadline,Varies,Not Started,Research state-specific deadlines,,,,,
Verification Documents,If selected,N/A,Keep tax returns accessible,,,,,
Award Letters Review,March-April,Not Started,Compare net costs across schools,,,,,
Accept/Decline Aid,May 1,Not Started,Meet decision deadline,,,,,
,,,,,,,,,,
COLLEGE COST COMPARISON,,,,,,,,,,
School,Tuition,Room & Board,Books/Fees,Total COA,Expected Aid,Athletic Aid,Net Cost,
[School 1],$0,$0,$0,$0,$0,$0,$0,
[School 2],$0,$0,$0,$0,$0,$0,$0,
[School 3],$0,$0,$0,$0,$0,$0,$0,
[School 4],$0,$0,$0,$0,$0,$0,$0,
[School 5],$0,$0,$0,$0,$0,$0,$0,
,,,,,,,,,,
4-YEAR TOTAL PROJECTION,,,,,,,,,,
Category,Year 1,Year 2,Year 3,Year 4,Total,,,,
Net Cost (after aid),$0,$0,$0,$0,$0,,,,
Scholarships (renewable),$0,$0,$0,$0,$0,,,,
Parent Contribution,$0,$0,$0,$0,$0,,,,
Student Contribution,$0,$0,$0,$0,$0,,,,
529 Funds,$0,$0,$0,$0,$0,,,,
Federal Loans,$0,$0,$0,$0,$0,,,,
Private Loans,$0,$0,$0,$0,$0,,,,
REMAINING GAP,$0,$0,$0,$0,$0,,,,
,,,,,,,,,,
ESSAY TRACKER,,,,,,,,,,
Essay Prompt/Topic,Word Limit,First Draft,Reviewed,Final Draft,Used For,,,,
Personal Statement,650,No,No,No,Common App,,,,
[Supplemental 1],[LIMIT],No,No,No,[SCHOOL],,,,
[Supplemental 2],[LIMIT],No,No,No,[SCHOOL],,,,
[Supplemental 3],[LIMIT],No,No,No,[SCHOOL],,,,
Scholarship Essay 1,[LIMIT],No,No,No,[SCHOLARSHIP],,,,
Scholarship Essay 2,[LIMIT],No,No,No,[SCHOLARSHIP],,,,
,,,,,,,,,,
RECOMMENDATION LETTERS,,,,,,,,,,
Recommender Name,Title/Role,Relationship,Request Date,Submitted Schools,Thank You Sent,,,,
[Name 1],,,,No,No,,,,
[Name 2],,,,No,No,,,,
[Name 3],,,,No,No,,,,
,,,,,,,,,,
STATUS DEFINITIONS,,,,,,,,,,
Not Started,Haven't begun yet,,,,,,,,
In Progress,Currently working on it,,,,,,,,
Submitted,Application sent,,,,,,,,
Under Review,Awaiting decision,,,,,,,,
Awarded,Scholarship won,,,,,,,,
Declined,Not selected,,,,,,,,
,,,,,,,,,,
NOTES & REMINDERS,,,,,,,,,,
Date,Note,Action Required,Done,,,,,,
,,,,,,,,,,
,,,,,,,,,,
