JOB APPLICATION TRACKING DASHBOARD,,,,,,,,,,,,
,,,,,,,,,,,,
SEARCH OVERVIEW,,,,,,,,,,,,
Search Start Date:,[DATE],,Target Role:,VP/Director Operations,,Target Industry:,Healthcare Tech,,,
Weekly Target:,5-7 applications,,Target Salary:,$[X]-$[Y],,Location Preference:,[Remote/Hybrid/Location],,,,
,,,,,,,,,,,,
APPLICATION PIPELINE SUMMARY,,,,,,,,,,,,
Stage,Count,Conversion Rate,,,,,,,,,
Applied,0,100%,,,,,,,,,
Recruiter Screen,0,0%,,,,,,,,,
Phone Interview,0,0%,,,,,,,,,
Technical/Case,0,0%,,,,,,,,,
Final Round,0,0%,,,,,,,,,
Offer,0,0%,,,,,,,,,
,,,,,,,,,,,,
TARGET COMPANIES - TIER 1 (Dream),,,,,,,,,,,
Company,Role,Status,Contact Name,Contact Title,Connection Strength,Applied Date,Last Contact,Next Action,Notes,,
Hims & Hers,VP Operations,Researching,,,None,,,Research hiring manager,,
Headway,Director Ops,Researching,,,None,,,Find mutual connections,,
Ro Health,VP Operations,Researching,,,None,,,Check open roles,,
Included Health,Director Ops,Researching,,,None,,,Monitor careers page,,
Thirty Madison,VP Operations,Researching,,,None,,,Research company,,
,,,,,,,,,,,,
TARGET COMPANIES - TIER 2 (Strong Fit),,,,,,,,,,,
Company,Role,Status,Contact Name,Contact Title,Connection Strength,Applied Date,Last Contact,Next Action,Notes,,
Noom,Operations Lead,Researching,,,None,,,Check requirements,,
Calibrate,Director Ops,Researching,,,None,,,Research stage/funding,,
Teladoc,VP Operations,Researching,,,None,,,Check locations,,
MDLive,Director Ops,Researching,,,None,,,Review culture,,
Amwell,Operations VP,Researching,,,None,,,Check open roles,,
,,,,,,,,,,,,
ACTIVE APPLICATIONS,,,,,,,,,,,,
Company,Role,Date Applied,Source,Status,Last Activity,Recruiter,HM Name,Interview Dates,Salary Range,Notes,Next Step
[Company],,[DATE],LinkedIn,Applied,[DATE],,,,,,Follow up if no response in 1 week
,,,,,,,,,,,,
,,,,,,,,,,,,
NETWORKING TRACKER,,,,,,,,,,,,
Contact Name,Company,Title,Connection Type,Last Contact,Conversation Notes,Ask/Outcome,Follow-up Date,Status,,,
,,,,,,,,,,,
,,,,,,,,,,,
,,,,,,,,,,,
,,,,,,,,,,,,
RECRUITER RELATIONSHIPS,,,,,,,,,,,,
Recruiter Name,Agency/Company,Specialty,First Contact,Last Contact,Roles Discussed,Quality (1-5),Notes,Follow-up,,,
,,,,,,,,,,,
,,,,,,,,,,,
,,,,,,,,,,,,
WEEKLY ACTIVITY LOG,,,,,,,,,,,,
Week Of,Applications Sent,Networking Convos,Recruiter Calls,Interviews,Offers,Top Priority for Week,Reflection/Learnings
[DATE],0,0,0,0,0,,
[DATE],0,0,0,0,0,,
[DATE],0,0,0,0,0,,
[DATE],0,0,0,0,0,,
,,,,,,,,,,,,
INTERVIEW PREPARATION,,,,,,,,,,,,
Company,Interview Type,Date/Time,Interviewer(s),Prep Notes,Questions to Ask,Post-Interview Notes,Thank You Sent,,,
,,,,,,,,,,
,,,,,,,,,,
,,,,,,,,,,
,,,,,,,,,,
OFFER COMPARISON (When Applicable),,,,,,,,,,,,
Factor,Company A,Company B,Company C,Weight (1-5),Notes,,,,,
Base Salary,,,,5,,,,,,
Bonus/Commission,,,,4,,,,,,
Equity,,,,3,,,,,,
Health Benefits,,,,5,,,,,,
PTO Days,,,,3,,,,,,
Remote Flexibility,,,,4,,,,,,
Role Scope,,,,4,,,,,,
Growth Potential,,,,4,,,,,,
Company Stability,,,,4,,,,,,
Culture Fit,,,,4,,,,,,
Commute/Location,,,,3,,,,,,
WEIGHTED SCORE,0,0,0,43,,,,,,
,,,,,,,,,,,,
STATUS DEFINITIONS,,,,,,,,,,,,
Status,Definition,,,,,,,,,,
Researching,Identifying contacts and gathering info,,,,,,,,,,
Ready to Apply,Application materials customized,,,,,,,,,,
Applied,Application submitted,,,,,,,,,,
Recruiter Screen,Initial HR/recruiter call scheduled or completed,,,,,,,,,,
Phone Interview,Hiring manager or team phone screen,,,,,,,,,,
Technical/Case,Skills assessment or case study,,,,,,,,,,
Final Round,On-site or final interviews,,,,,,,,,,
Offer Pending,Verbal offer awaiting written,,,,,,,,,,
Offer Received,Written offer in hand,,,,,,,,,,
Negotiating,Counter-offer or negotiation in progress,,,,,,,,,,
Accepted,Offer accepted,,,,,,,,,,
Declined,Removed from consideration (by you or them),,,,,,,,,,
On Hold,Role paused or timing issue,,,,,,,,,,
